id,name_with_brand,overall_sentiment
AV13O1A8GV-KLJ3akUyj,Pink Friday: Roman Reloaded Re-Up (w/dvd) by Universal Music,1.0
AV14LG0R-jtxr-f38QfS,Lundberg Organic Cinnamon Toast Rice Cakes by Lundberg,1.0
AV16khLE-jtxr-f38VFn,K-Y Love Sensuality Pleasure Gel by K-Y,0.41
AV1d76w7vKc47QAVhCqn,"J.R. Watkins Hand Cream, Lemon Cream by J.R. Watkins",0.83
AV1h6gSl-jtxr-f31p40,Ambi Complexion Cleansing Bar by AMBI,0.75
AV1h6Gu0glJLPUi8IjA_,"Johnson's Baby Bubble Bath and Wash, 15oz by Johnson's",0.64
AV1l8zRZvKc47QAVhnAv,Olay Regenerist Deep Hydration Regenerating Cream by Olay,0.74
AV1YGDqsGV-KLJ3adc-O,Windex Original Glass Cleaner Refill 67.6oz (2 Liter) by Windex,0.53
AV1YIch7GV-KLJ3addeG,"Heinz Tomato Ketchup, 38oz by Heinz",0.0
AV1YlENIglJLPUi8IHsX,Kind Dark Chocolate Chunk Gluten Free Granola Bars - 5 Count by KIND,0.82
AV1YmBrdGV-KLJ3adewb,"Pantene Color Preserve Volume Shampoo, 25.4oz by Pantene",0.89
AV1YmDL9vKc47QAVgr7_,"Aussie Aussome Volume Shampoo, 13.5 Oz by Aussie",0.88
AV1Ymf_rglJLPUi8II2v,Cars Toon: Mater's Tall Tales by Disney,0.74
AV1Yn94nvKc47QAVgtst,CeraVe SA Renewing Cream by CeraVe,0.44
AV1Ynb3bglJLPUi8IJxJ,Solo Foods Almond Paste by Solo Foods,0.6
AV1YneDPglJLPUi8IJyQ,"Finish Quantum Dishwasher Detergent, Lemon Sparkle Scent, 45 Count by Finish",0.71
AV1YnUMYglJLPUi8IJpK,Disney174 Jake And The Neverland Pirates 4 Piece Bedding Set - Toddler by Jake And The Neverland Pirates,1.0
AV1Yo6FPglJLPUi8IK3u,Pearhead Id Bracelet Frame by Pearhead,0.0
AV1YpiJvvKc47QAVguxy,Craft Punch Giga Scallop Circle 45 24687534 To 334 by No Brand,1.0
AV1YqAaMGV-KLJ3adiDj,"Neutrogena Wet Skin Sunscreen Spray Broad Spectrum SPF 50, 5oz by Neutrogena",0.5
AV1Ys0kTvKc47QAVgx1C,Meguiar's Deep Crystal Car Wash 64-Oz. by Meguiars,0.55
AV1YtGjdglJLPUi8IOfJ,"Banana Boat Sunless Summer Color Self Tanning Lotion, Light To Medium by Banana Boat",0.74
AV1ZSp2uglJLPUi8IQFy,"Cetaphil Gentle Skin Cleanser, 2oz by Cetaphil",0.86
AV1ZT7GLglJLPUi8IQLI,"Suave Professionals Hair Conditioner, Sleek by Suave",0.68
AV1ZVIgy-jtxr-f31W9N,Bumble Bee Solid White Albacore In Water - 5 Oz by Bumble Bee,0.33
AV2AvGnjGV-KLJ3alTQH,Citrus Magic Instant Spot & Stain Remover by Citrus Magic,1.0
AV2Avn5dGV-KLJ3alTjq,La Tortilla Factory Hand Made Style Tortillas Flour by La Tortilla Factory,1.0
AV2BOOWS-jtxr-f39GPS,Black Sister's Revenge (dvd) by Target.com Use Only,1.0
AVpe_5U_ilAPnD_xSrxG,Sea Gull Lighting Six Light Bath Sconce/vanity - Brushed Nickel by Sea Gull Lighting,0.67
AVpe_dxlilAPnD_xSiHI,"The Seaweed Bath Co. Argan Conditioner, Smoothing Citrus by The Seaweed Bath Co.",0.22
AVpe_N91LJeJML43z4jD,"Way Basics 3-Shelf Eco Narrow Bookcase Storage Shelf, Espresso - Formaldehyde Free - Lifetime Guarantee by Way Basics",0.82
AVpe_pDG1cnluZ0-bjSf,Bi-O-kleen Spray & Wipe All Purpose Cleaner by Biokleen,0.25
AVpe_y-I1cnluZ0-bmvh,Yes To Carrots Nourishing Body Wash by Yes to Carrots,0.86
AVpe3_ikilAPnD_xPykq,Alberto VO5 Salon Series Smooth Plus Sleek Shampoo by Alberto VO5,0.67
AVpe31o71cnluZ0-YrSD,Dark Shadows (includes Digital Copy) (ultraviolet) (dvdvideo) by Warner Bros.,0.7
AVpe38Uy1cnluZ0-YuJR,Clambake (dvd) by Target.com Use Only,0.67
AVpe41TqilAPnD_xQH3d,Mike Dave Need Wedding Dates (dvd + Digital) by FOX,0.7
AVpe4Bq81cnluZ0-YwTN,Sea Gull Lighting Ceiling Fan - White by Sea Gull Lighting,1.0
AVpe4-GPLJeJML43xmuY,Progresso Traditional Meatball & Rice Soup by Progresso,0.0
AVpe4hE0ilAPnD_xQABx,Herr's Baked Cheese Curls by Herr's,0.0
AVpe4hlXLJeJML43xbrB,Hawaiian Punch Berry Limeade Blast Juice by Hawaiian Punch,0.91
AVpe4pnBilAPnD_xQDeb,Moom Express Pre Waxed Strips For Face & Bikini by Moom,0.0
AVpe59io1cnluZ0-ZgDU,My Big Fat Greek Wedding 2 (blu-Ray + Dvd + Digital) by Universal Home Video,0.91
AVpe5AMsLJeJML43xnku,King Ralph (dvd) by Target.com Use Only,1.0
AVpe5c23LJeJML43xybi,Holmes174 Personal Indoor Heater W/ Manual Controls White 1500w Hfh131-N by Holmes,0.47
AVpe5JOgilAPnD_xQPfE,The Script - No Sound Without Silence (cd) by Sony Music,0.82
AVpe5Mv4ilAPnD_xQQyy,"Beanitos Bean Chips, Simply Pinto Bean by Beanitos",0.0
AVpe5s3RLJeJML43x4eA,Pantene Pro-V Expert Collection Age Defy Conditioner by Pantene,0.93
AVpe5tC61cnluZ0-ZZ86,Greyson Vintage Industrial Occasional Cocktail Coffee Table - Antique Bronze - Baxton Studio by Baxton Studio,0.0
AVpe5ttZLJeJML43x4yO,Nature's Path Flax Plus Maple Pecan Crunch Cereal by Nature's Path,0.25
AVpe5WElLJeJML43xv4b,Lite Source Basic Ii 1-Lt Floor Lamp - Dark Bronze by Lite Source,1.0
AVpe6_VI1cnluZ0-Z4do,"Sloan Royal Urinal Flush Valve, 1.0 Gpf, Royal 186-1 by SLOAN VALVE COMPANY",0.0
AVpe625_ilAPnD_xQ4SP,Sunflower Swag With Metal Frame - Nearly Natural by Nearly Natural,0.0
AVpe6C3WLJeJML43yApY,Toy Story Kids' Woody Accessory Kit by Toy Story,0.75
AVpe6CHv1cnluZ0-ZhwN,Maranatha No Stir Raw Maple Almond Butter by MaraNatha,0.24
AVpe6FfKilAPnD_xQmHi,Chex Muddy Buddies Brownie Supreme Snack Mix by Chex,0.59
AVpe6FpaLJeJML43yBuP,Sopranos:Season 6 Part 1 (blu-Ray) by Warner Bros.,0.81
AVpe6n2_LJeJML43yOgE,Tresemme Kertatin Smooth Infusing Conditioning by TRESemme,0.88
AVpe6PCDLJeJML43yFQH,Wagan Smartac 80watt Inverter With Usb by Wagan,0.2
AVpe71Vk1cnluZ0-aL_Z,"Creme Of Nature Intensive Conditioning Treatment, 32 by Creme Of Nature",0.83
AVpe78stLJeJML43ytOY,Arrid Extra Dry Anti-Perspirant Deodorant Spray Regular by Arrid,0.33
AVpe7GIELJeJML43yZfu,Eagle Fat Free Sweetened Condensed Milk by Eagle Brand,0.67
AVpe7jB8LJeJML43yj91,"Pinaud Clubman Styling Gel, Superhold by Pinaud",0.5
AVpe7JTHilAPnD_xQ_Cl,Wedding Wishes Wedding Guest Book by Hortense B. Hewitt,1.0
AVpe7sl91cnluZ0-aI1Y,Diet Canada Dry Ginger Ale - 12pk/12 Fl Oz Cans by Canada Dry,0.49
AVpe7tA31cnluZ0-aI-r,Baxter Of California Cream Pomade by Baxter of California,0.88
AVpe7zdzLJeJML43yp3d,Ragu Roasted Garlic Parmesan Pasta Sauce by Ragu,0.45
AVpe8dHWLJeJML43y4uG,Sabre 2 Pack Door And Window Alarm by Sabra,0.85
AVpe8gsILJeJML43y6Ed,"Pendaflex174 Divide It Up File Folder, Multi Section, Letter, Assorted, 12/pack by Pendaflex",0.49
AVpe8q4T1cnluZ0-afct,"Newman's Own Organics Licorice Twist, Black 5oz by Newman's Own Organics",0.17
AVpe8xjUilAPnD_xRkxC,The Honest Company Laundry Detergent by The Honest Company,0.65
AVpe9vHs1cnluZ0-a4TU,Plano Mini-Magnum 13-Compartment Tackle Box by Plano,0.4
AVpe9W4D1cnluZ0-avf0,Hoover174 Platinum Collection153 Lightweight Bagged Upright Vacuum With Canister - Uh30010com by Hoover,0.8
AVpe-ltS1cnluZ0-bL8w,Stander Pt Bedcane - Bed Handle by Stander,0.85
AVpe-M4-ilAPnD_xSF1K,Calvin Klein Secret Obsession Eau De Parfum by Calvin Klein,1.0
AVpe-MCY1cnluZ0-bCv_,"Wallmount Server Cabinet (450mm, 9 RU) by iStarUSA",0.0
AVpe-PJnLJeJML43ziaj,Happy Tot Apple and Butternut Squash by Happy Family,0.78
AVpe-YAL1cnluZ0-bHGh,Udi's Pepperoni Pizza by Udi's,1.0
AVpf_rYe1cnluZ0-ut8Y,"Better Built 74010862 Bet74010862 60In Crossover Two Lid, Deep, Truck Tool Box by BETTER BUILT",0.0
AVpf0eb2LJeJML43EVSt,The Resident Evil Collection 5 Discs (blu-Ray) by Sony Pictures,0.64
AVpf0kZFilAPnD_xi5QZ,Annie's Homegrown Gluten Free Double Chocolate Chip Granola Bars by Annie's,0.43
AVpf0O60ilAPnD_xizE6,"Super Poligrip Denture Adhesive Cream, Ultra Fresh - 2.4 Oz by Super PoliGrip",0.38
AVpf0pfrilAPnD_xi6s_,Nearly Natural 5.5' Bamboo W/decorative Planter by Nearly Natural,0.5
AVpf0thK1cnluZ0-r8vR,100:Complete First Season (blu-Ray) by Warner Bros.,0.82
AVpf0YhQLJeJML43ETff,"Australian Gold Exotic Blend Lotion, SPF 4 by Australian Gold",0.71
AVpf1pwXLJeJML43EqpT,"Colorganics Lipstick, Cayenne by Colorganics",0.0
AVpf1ryk1cnluZ0-sONd,Germ Guardian174 Elite 3-In-1 Pet Pure True Hepa Air Purifier Ac4300bptca by Guardian,0.0
AVpf2tw1ilAPnD_xjflC,Red (special Edition) (dvdvideo) by Summit Entertainment,0.88
AVpf385g1cnluZ0-s0_t,"Hormel Chili, No Beans by Hormel",0.48
AVpf3okQLJeJML43FMif,Tai Pei Sweet & Sour Chicken by Tai Pei,0.5
AVpf3VOfilAPnD_xjpun,Clorox Disinfecting Wipes Value Pack Scented 150 Ct Total by Clorox,0.79
AVpf4oLxLJeJML43FcxC,"Avery174 Ready Index Contemporary Table Of Contents Divider, 1-8, Multi, Letter by Avery",0.81
AVpf4WWN1cnluZ0-s7Wj,Chips Deluxe Soft 'n Chewy Cookies by Chips Deluxe,0.67
AVpf5CnILJeJML43FjaU,"WeatherTech 40647 14-15 Outlander Cargo Liners Behind 2nd Row, Black by Weather Tech",0.0
AVpf5FF71cnluZ0-tHAV,Orajel Maximum Strength Toothache Pain Relief Liquid by Orajel,0.37
AVpf5olc1cnluZ0-tPrO,Chester's Cheese Flavored Puffcorn Snacks by Chester's,0.64
AVpf5ujMilAPnD_xkQVi,D-Con Mice Bait Station - 3ct by D-Con,0.29
AVpf5Z1zLJeJML43FpB-,"Lysol Concentrate Deodorizing Cleaner, Original Scent by Lysol",0.55
AVpf5ZcH1cnluZ0-tL9V,Coola Organic Sunscreen Classic Face Cucumber SPF 30 by COOLA,1.0
AVpf63aJLJeJML43F__Q,"Burt's Bees Lip Shimmer, Raisin by Burt's Bees",0.69
AVpf7aUAilAPnD_xkqbP,SC Johnson One Step No Buff Wax by SC Johnson,0.62
AVpf7fFbilAPnD_xkrmW,"Simple Green All-Purpose Cleaner, 16oz by Simple Green",0.75
AVpf7HOwilAPnD_xkl3L,Wilton Black Dots Standard Baking Cups by Wilton,1.0
AVpf7I3i1cnluZ0-tnL6,Mrs. Meyer's174 Lemon Verbena Laundry Scent Booster - 18oz by Mrs. Meyer's,0.86
AVpf7LysilAPnD_xkm9G,Cuisinart174 Electric Juicer - Stainless Steel Cje-1000 by Cuisinart,0.83
AVpf8AoBilAPnD_xkzJ2,Avery174 11-1/4 X 9-1/4 Index Maker Extra Wide Label Dividers With 5 Tab - Clear (5 Sets Per Pack) by Avery,1.0
AVpf9_3MLJeJML43GvdB,"Iman Second To None Stick Foundation, Clay 1 by Iman",0.87
AVpf99c6LJeJML43Gu3K,Romantic Drama: Greatest Classic Films Collection 2 Discs by Warner Bros.,1.0
AVpf9pzn1cnluZ0-uNTM,"Lundberg Wehani Rice, 25lb by Lundberg",0.79
AVpf9UGp1cnluZ0-uITX,Post Bound Jumbo Album - Burgundy (11x14) by Pioneer,0.5
AVpfa1joLJeJML4385hb,Stonyfield Yobaby Peach & Pear Yogurt 4oz 6 Ct by Stonyfield,0.0
AVpfA5BeLJeJML430eOi,Charcoal Stone Toothbrush Holder Gray by No Brand,0.0
AVpfAgSp1cnluZ0-b2-K,"Bounce Dryer Sheets, Fresh Linen, 160 sheets by Bounce",0.75
AVpfAkX91cnluZ0-b4d8,"L'oreal Paris Visible Lift Smooth Absolute, Natural Buff by L'Oreal Paris",0.82
AVpfazX31cnluZ0-kbdl,"Just For Men Touch Of Gray Gray Hair Treatment, Black T-55 by Just For Men",0.6
AVpfBeN6LJeJML430rrn,Roommates No Place Like Home Peel Stick Wall Decals by Roommates,0.0
AVpfbjraLJeJML439F91,Pocket Watch Wall Clock Distressed Black - Yosemite Home Decor174 by Yosemite Home Decor,0.0
AVpfbkyr1cnluZ0-kozI,Kraus FVS-1007 Single Hole Vessel Bathroom Faucet from the Ramus Collection by Kraus,0.89
AVpfBO2vLJeJML430mGh,Mill Creek Aloe Vera & Paba Lotion by Mill Creek,0.1
AVpfBpnEilAPnD_xTUBx,"All,bran Complete Wheat Flakes, 18 Oz. by All-Bran",0.45
AVpfbpzd1cnluZ0-kqJV,Clorox Ultimate Care Premium Bleach by Clorox,1.0
AVpfbraG1cnluZ0-kqnn,Kind Nut Delight Bar by KIND,0.0
AVpfBrUZilAPnD_xTUly,"Coty Airspun Face Powder, Translucent Extra Coverage by Coty",0.84
AVpf-bS61cnluZ0-uZcq,Nature's Path Chunky Chocolate Peanut Chewy Granola Bars by Nature's Path,0.0
AVpfBSJgilAPnD_xTLf3,Axe Dry Anti-Perspirant Deodorant Invisible Solid Phoenix by Axe,0.71
AVpfBU2S1cnluZ0-cJsO,Power Crunch Protein Energy Bar Peanut Butter Creme Original by Power Crunch,0.64
AVpfBuqY1cnluZ0-cTBI,"42 Dual Drop Leaf Table with 2 Madrid Chairs"" by INC International Concepts",1.0
AVpfBwE4ilAPnD_xTWO1,"Smead174 Recycled Letter Size Manila File Backs W/prong Fasteners, 2 Capacity, 100/box by Smead",0.0
AVpfC3KoLJeJML431KRR,Nearly Natural Pothos Ledge Plant (set On Foam) Silk Plant by Nearly Natural,0.0
AVpfCi3kilAPnD_xTn3k,Little Bedding By Nojo Jungle Dreams 2 Pack Sheet Set by Nojo,0.5
AVpfCjEEilAPnD_xTn75,Sizzix Framelits Dies 1by Tim Holtz Bird Crazy-Silver Asst Sizes by Sizzix,0.62
AVpfcu821cnluZ0-k8ep,Vaseline Intensive Care Lip Therapy Cocoa Butter by Vaseline,0.73
AVpfCuzrilAPnD_xTroT,Tostitos Simply Blue Corn Tortilla Chips by Tostitos,0.48
AVpfCvKt1cnluZ0-cpI2,Starbucks153 Doubleshot Protein Coffee - 11 Fl Oz by Starbucks,1.0
AVpfCy9b1cnluZ0-cqWS,Bill Glor Gaither - Church In The Wildwood (cd) by UMGD,1.0
AVpfD_NRilAPnD_xUG56,"RC Cola, 12oz by RC Cola",1.0
AVpfD9xTLJeJML431ig2,There's Something About Mary (dvd) by FOX,0.75
AVpfDA6wilAPnD_xTxdg,Head & Shoulders Dandruff Shampoo Ocean Lift 2 In 1 by Head & Shoulders,0.83
AVpfDbSP1cnluZ0-c3wo,Scotty Mini Double Ended Extender by Scotty,0.0
AVpfddjcLJeJML439loo,Elvis Presley - Girl Happy (cd) by Target.com Use Only,1.0
AVpfDflP1cnluZ0-c5RJ,Kenroy Home Table Lamp - Chrome by Kenroy Home,0.0
AVpfDI3xilAPnD_xTz-k,Black Front Loading Frame Set (8.5x11) Set Of 12 by Nielsen,0.44
AVpfDiTDLJeJML431Y21,"Dermalogica Special Cleansing Gel, 8.4oz by Dermalogica",0.75
AVpfdYUZilAPnD_xcHuK,"L'oreal Paris Colour Caresse Wet Shine Stain, Pink Resistance by L'Oreal Paris",0.7
AVpfe3On1cnluZ0-lgn5,Doc Mcstuffins: Friendship Is The Best Medicine by Disney,0.7
AVpfE5UF1cnluZ0-dY1N,"Smead174 3-In-1 Supertab Section Folders, 1/3 Cut Top Tab, Letter, Assorted, 12/pack by Smead",0.5
AVpfE7puilAPnD_xUcCW,Bilbao Nightstand Gray Oak - South Shore by South Shore,0.67
AVpfELcXLJeJML431naf,Africa's Best No-Lye Dual Conditioning Relaxer System Super by Africa's Best,0.83
AVpfEqFbilAPnD_xUV28,Tramontina Ceramica 10 Piece Cookware Set - Red by Tramontina,0.5
AVpfEqruilAPnD_xUWDr,"Newman's Own Balsamic Vinaigrette, 16.0oz by Newman's Own",0.6
AVpfErGsLJeJML431yRX,"Carson-Dellosa Publishing Photographic Learning Cards Boxed Set, Nouns/verbs/adjectives, Grades K-12 by Carson-Dellosa Publishing",1.0
AVpfewoLilAPnD_xcfgU,Home Health Hairever Shampoo by Home Health,0.5
AVpfF7k8ilAPnD_xUyWf,Lite Source Reiko 1 Light Table Lamp - Orange by Lite Source,0.0
AVpfFGqP1cnluZ0-ddjG,Sea Gull Lighting One Light Wall/bath/vanity-Brushed Nickel by Sea Gull Lighting,0.0
AVpfFs_1ilAPnD_xUtRm,J.a. Henckels International 4-Pc Everedge Plus Steak Knife Set by J.a. Henckels,0.78
AVpfFTpK1cnluZ0-diMS,Olay Moisturizing Lotion For Sensitive Skin by Olay,0.33
AVpfFymYilAPnD_xUvMh,"Kikkoman Soy Sauce, 5fl oz by Kikkoman",0.2
AVpfG_ujilAPnD_xVI8L,Kohler 10280-4 Fort Bath Spout With Sculpted Lift Rod and 1/2-in NPT Connection by Kohler,0.75
AVpfGRUHilAPnD_xU5nU,Naturtint Nutrideep Multiplier Protective Cream by Naturtint,0.0
AVpf-GsfLJeJML43GxG4,Gain Original Scent Liquid Fabric Softener 129 Oz by Gain,0.67
AVpfGTRQLJeJML432WYA,"Burt's Bees Lip Shimmer, Watermelon by Burt's Bees",0.88
AVpfGuDrLJeJML432fDz,Pleasant Hearth Diamond Fireplace Screen - Espresso by Pleasant Hearth,0.87
AVpfgvkJLJeJML43-g1y,Scooby Doo And The Loch Ness Monster (blu-Ray) by Warner Manufacturing,0.57
AVpfh1gsilAPnD_xdX_S,Cal Lighting Led Dark Bronze Finish Metal Piano Lamp by Cal Lighting,0.0
AVpfH2Rx1cnluZ0-eYtu,Lynk Professional174 Pull Out Cutting Board Bakeware Sliding Cabinet Organizer by Lynk,1.0
AVpfHf4wLJeJML432vqK,Trend Lab Park Nursing Cover - Paisley by Trend Lab,0.73
AVpfHI2filAPnD_xVL7R,L'oreal Paris Advanced Hairstyle Boost It High Lift Creation Spray by L'Oreal Paris,0.61
AVpfhpNkilAPnD_xdUZz,Plum Organics Just Prunes by Plum Organics,0.5
AVpfhxaELJeJML43-zsM,"Batherapy Natural Mineral Bath Sport Liquid, 16 oz by Batherapy",0.0
AVpfHZMxLJeJML432tfs,"Candy Pink Plastic Cups, 20 pk by Touch of Color",0.0
AVpfi79RLJeJML43_Jo0,Various - Country's Greatest Gospel:Gold Ed (cd) by Target.com Use Only,0.0
AVpfifml1cnluZ0-mjSb,JNH Lifestyles Goldstar 3 Person FAR Infrared Sauna by JNH Lifestyles,1.0
AVpfIfnYilAPnD_xVpGi,Soothing Touch Lemon Cardamom Vegan Lip Balm .25 Oz by Soothing Touch,0.0
AVpfIGFeLJeJML4328YR,"2x Ultra Era with Oxi Booster, 50fl oz by Era",0.8
AVpfIN84LJeJML432_D9,Every Man Jack Pomade Signature Mint Scent by Every Man Jack,0.0
AVpfIOoV1cnluZ0-ehGp,Reebok Classic Leather Running Shoes - White (Men) by Reebok,0.8
AVpfiRY_LJeJML43-8p9,Annie's Homegrown Deluxe Elbows & Four Cheese Sauce by Annie's,0.5
AVpfiUrfLJeJML43-9nY,Delta Single Handle Shower Faucet by Delta Faucet,0.67
AVpfIvbgLJeJML433Kph,"Ogx Conditioner, Hydrating Teatree Mint by Ogx",0.91
AVpfjauJLJeJML43_TKe,"Physicians Formula Mineral Wear Talc-Free Mineral Correcting Powder, Creamy Natural by Physician's Formula",0.82
AVpfJcHuLJeJML433ZrY,Equals (blu-Ray) by Lionsgate Home Entertainment,0.54
AVpfJCq51cnluZ0-ey-L,Weleda Everon Lip Balm by Weleda,1.0
AVpfjHuw1cnluZ0-mvrX,Fiskars174 Classic Stick Rotary Cutter (45 Mm) by Fiskars,0.4
AVpfJP1C1cnluZ0-e3Xy,Clorox Disinfecting Bathroom Cleaner by Clorox,0.82
AVpfk4y7ilAPnD_xeTgd,"BRIDGESTONE 130/70ZR18M/C(63W)FRONT EXEDRA G851, CRUISER RADL by Michelin",0.0
AVpf-k78LJeJML43G4qN,Metzeler ME888 Marathon Ultra Custom Touring Front Tire 100/90-19 by Metzeler,0.0
AVpfKa3uilAPnD_xWSGx,Fantasy Fields Lil' Sports Fan Step Stool - Teamson by Teamson,1.0
AVpfkak01cnluZ0-nJj6,Starbucks Iced Expresso Classics Vanilla Latte Coffee Beverage - 40oz by Starbucks,1.0
AVpfKb8k1cnluZ0-fQdA,Head & Shoulders Classic Clean Conditioner by Head & Shoulders,0.9
AVpfKhuv1cnluZ0-fSVr,Blue Anchor Design Throw Pillow (18x18) - Rizzy Home by Rizzy Home,1.0
AVpfkIiYilAPnD_xeEjr,Kendall Comforter And Sheet Set (twin) Aqua - 7pc by JLA Home,0.83
AVpfKOYiilAPnD_xWOFw,"Tree Hut Shea Body Butters, Coconut Lime, 7 oz by Tree Hut",0.64
AVpfkQkcLJeJML43_kEC,Cococare 100% Natural Castor Oil by Cococare,0.0
AVpfksililAPnD_xePx_,Pacific Natural Foods Organic Beef Broth by Pacific Natural Foods,1.0
AVpfl6baLJeJML43AEQq,Honeywell Heatbud Ceramic Heater Black by Honeywell,0.56
AVpfl6sF1cnluZ0-nmwC,"Jergens Extra Moisturizing Liquid Hand Wash, 7.5oz by Jergens",0.89
AVpfldDlLJeJML43_7s_,Lay's Salt & Vinegar Flavored Potato Chips by Lay's,0.33
AVpflENxilAPnD_xeXFF,Noosa Honey Yogurt by Noosa,1.0
AVpfliCoilAPnD_xegIr,0.6 Cu. Ft. Letter A4 Size Waterproof 30 Min. Fire File Chest by Honeywell,0.67
AVpf-lMV1cnluZ0-ub0_,If A Man Answers (dvd) by Target.com Use Only,0.75
AVpfLnfPLJeJML434HpK,"Pleasant Hearth 1,800 sq ft Wood Burning Stove with Blower, Medium, LWS-127201 by Pleasant Hearth",0.81
AVpfluP1ilAPnD_xejxO,Stacy's Simply Naked Bagel Chips by STACY'S,0.67
AVpfL-z9ilAPnD_xWzE_,Stacy's Garden Veggie Medley Pita Chips by STACY'S,0.5
AVpfM_ytilAPnD_xXIJb,Tostitos Bite Size Tortilla Chips by Tostitos,0.6
AVpfm8yiLJeJML43AYyu,Nexxus Exxtra Gel Style Creation Sculptor by Nexxus,0.12
AVpfmjXGLJeJML43AQ5_,Hollywood Beauty Olive Cholesterol by Hollywood Beauty,0.83
AVpfml2VilAPnD_xe0m6,Southern Enterprises Archer Fold-Away Home Bar in Walnut by Southern Enterprises,0.0
AVpfMpZ51cnluZ0-f_L9,Chips Ahoy! Original Chocolate Chip - Cookies - Family Size 18.2oz by Chips Ahoy,0.48
AVpfmVnVLJeJML43AMqC,4C Grated Parmesan Cheese 100% Natural 8oz Shaker by 4C Foods,0.83
AVpfN6Z71cnluZ0-gZmO,"Caress Moisturizing Body Bar Natural Silk, 4.75oz by Caress",0.76
AVpfNc9cLJeJML434tza,Feit 60-Watt A19 Gu24 Base Led Light Bulb - Soft White by Feit,0.0
AVpfNfEMLJeJML434uf-,Heiress (dvd) by UNIVERSAL HOME ENTERTAINMENT,0.92
AVpfNglu1cnluZ0-gQ7x,Mia Shower Curtain Green/brown - Lush Decor174 by Lush Decor,0.91
AVpfnjBILJeJML43AkO3,Progresso Traditional Chicken Tuscany Soup by Progresso,0.67
AVpfnRuSilAPnD_xfB8l,Yes To Grapefruit Rejuvenating Body Wash by Yes to Grapefruit,0.67
AVpfnS4eLJeJML43AfZe,Progresso Light Vegetable & Noodle Soup by Progresso,0.33
AVpfnUcwLJeJML43Af2U,Maybelline Clean Express! Makeup Removing Lotion by Maybelline,0.67
AVpfNVsj1cnluZ0-gNQN,"Physicians Formula Powder Palette Mineral Glow Pearls, Translucent Pearl by Physician's Formula",0.43
AVpfNWbPilAPnD_xXPR7,"Pleasant Hearth 7.5 Steel Grate, 30 5 Bar - Black by Pleasant Hearth",0.41
AVpfO5u71cnluZ0-guiN,Switchmas (dvd) by Sony,0.86
AVpf--o9LJeJML43G_Fq,Vaseline Intensive Care Healthy Hands Stronger Nails by Vaseline,0.84
AVpfOfIqLJeJML435D06,Solo Foods Poppy Seed Cake and Pastry Filling by Solo Foods,0.38
AVpfOIrkilAPnD_xXgDG,Alex Cross (dvdvideo) by Summit Entertainment,0.67
AVpfOmKwLJeJML435GM7,Clear Scalp & Hair Therapy Total Care Nourishing Shampoo by Clear Scalp & Hair Therapy,0.58
AVpfOrD0ilAPnD_xXrRj,Progresso Traditional Chicken Rice With Vegetables Soup by Progresso,1.0
AVpfoSS51cnluZ0-oVH9,Cheetos Crunchy Flamin' Hot Cheese Flavored Snacks by Cheetos,0.67
AVpfov9TLJeJML43A7B0,Bisquick Original Pancake And Baking Mix - 40oz by Bisquick,0.62
AVpfozgyilAPnD_xfe0r,Olivella Bar Soap - 3.52 Oz by Olivella,0.0
AVpfPaoqLJeJML435Xk9,Godzilla 3d Includes Digital Copy Ultraviolet 3d/2d Blu-Ray/dvd by Warner Home Video,0.8
AVpfPjqKLJeJML435aZR,Voortman Sugar Free Fudge Chocolate Chip Cookies by Voortman,0.75
AVpfPkrkilAPnD_xX-L9,"Finish Gelpacs Dishwasher Detergent, Orange Scent, 84ct by Finish",0.5
AVpfPKzxLJeJML435SYL,Tim Holtz Retractable Craft Pick-Red 6x.5 by Tim Holtz,0.0
AVpfpM2yilAPnD_xfmDG,Ragu Traditional Pasta Sauce by Ragu,0.49
AVpfPnrU1cnluZ0-g9rL,Stargate (ws) (ultimate Edition) (director's Cut) (dvdvideo) by Lionsgate,0.87
AVpfpoUCLJeJML43BLXv,"Iman Luxury Moisturizing Lipstick, Black Brandy 006 by Iman",1.0
AVpfPPkEilAPnD_xX3cP,"Aveeno Baby Continuous Protection Lotion Sunscreen with Broad Spectrum SPF 55, 4oz by Aveeno",0.32
AVpfP-rELJeJML435jEN,5302050 15/16 FCT/HOSE ADAPTOR by LDR,0.0
AVpfPx6V1cnluZ0-hA5y,"Ben & Jerry's Coffee, Coffee Buzzbuzzbuzz! Ice Cream, Pint by Ben & Jerry's",0.91
AVpfQtEm1cnluZ0-hUpe,Jolly Time Select Premium Yellow Pop Corn by Jolly Time,0.78
AVpfqW4WilAPnD_xf7a_,Leslie Sansone:Belly Blasting Walk (dvd) by ANCHOR BAY,0.63
AVpfr5cb1cnluZ0-pZFp,Boraam Sonoma Kitchen Cart With Wire Brush Gray - Maaya Home by Maaya Home,0.89
AVpfR5m0LJeJML436K3W,Jason Aldean - They Don't Know by Warner Music Group,0.79
AVpfRE4tilAPnD_xYdo_,Ogx Anti-breakage Keratin Oil 3 Minute Miraculous Recovery by Ogx,0.89
AVpfrFDZLJeJML43Bmv0,Meguiar's Ultimate Quik Detailer 22-Oz. by Meguiars,0.55
AVpfrfHF1cnluZ0-pRai,Care Free Curl Gold Instant Activator by Care Free Curl,0.92
AVpfrgjFLJeJML43BvCc,Spam Single Classic by Spam,0.5
AVpfRkzN1cnluZ0-hmnu,"Smead174 2 1/4 Inch Accordion Expansion Wallet, Poly, Letter, Translucent Green by Smead",1.0
AVpfRM8dLJeJML4358wT,Cantu Coconut Milk Shine Hold Mist - 8oz by Cantu,1.0
AVpfRoqcLJeJML436FqG,"Vicks Vaporub, Regular, 3.53oz by Vicks",0.26
AVpfRTh1ilAPnD_xYic2,Planes: Fire Rescue (2 Discs) (includes Digital Copy) (blu-Ray/dvd) by Disney,0.83
AVpfrTyiLJeJML43BrSI,Various Artists - Choo Choo Soul (cd) by UMGD,0.55
AVpfRxSkilAPnD_xYrzm,High-Dome Floor Door Stop by National Mfg.,0.0
AVpfRYbSilAPnD_xYkD4,"Shea Moisture Mango & Carrot Kids Extra-Nourishing Conditioner, 8fl Oz by Shea Moisture",0.83
AVpfs0tUilAPnD_xgqN2,Ceiling Fan With Light White 14.2 X 29.9 X 9.2 - Hunter Fan by Hunter Fan,1.0
AVpfSFDo1cnluZ0-hwjT,Concept Housewares 36 Natural Wood ceiling mounted pot rack by Concept Housewares,0.88
AVpfshNsLJeJML43CB8q,Tostitos Original Restaurant Style Tortilla Chips by Tostitos,0.0
AVpfsQoeilAPnD_xgfx5,Walkers Stem Ginger Shortbread by Walkers,0.0
AVpfSvmGilAPnD_xY_gE,Barielle Nail Rebuilding Protein by Barielle,0.75
AVpfthSailAPnD_xg3ON,"Musselman Apple Sauce, Cinnamon, 48oz by Musselman's",0.29
AVpftikC1cnluZ0-p31V,"Storkcraft Tuscany Glider and Ottoman, Beige Cushions, Espresso Finish by Storkcraft",0.84
AVpfTVkcilAPnD_xZLts,Queen Helene Cocoa Butter Solid by Queen Helene,0.33
AVpftymALJeJML43CZ6y,"Bodycology Nourishing Body Cream, Pretty In Paris by Bodycology",1.0
AVpfUCiPilAPnD_xZai4,Sea Gull Lighting Holman One Light Wall/bath Sconce - Brushed Nickel by Sea Gull Lighting,1.0
AVpfUJu_ilAPnD_xZdDr,Chobani174 Strawberry On The Bottom Non-Fat Greek Yogurt - 5.3oz by Chobani,0.52
AVpfUN2nilAPnD_xZeY3,Meguiars Interior Detailer Wipes 25ct by Meguiars,0.5
AVpfUQZjilAPnD_xZfOU,Bedtime Originals Pinkie Musical Mobile by Bedtime Originals,0.67
AVpfv4TlilAPnD_xhjNS,Various - Red Hot Blue:Tribute To Cole Porter (cd) by Target.com Use Only,0.33
AVpfvieo1cnluZ0-qdnu,L'oreal Paris Advanced Hairstyle TXT IT Hyper-Fix Putty by L'Oreal Paris,0.0
AVpfVMhR1cnluZ0-ixY8,2017-2018 Brownline174 Duraflex 14-Month Planner 8 1/2 X 11 Black by Brownline,0.0
AVpfVPh3ilAPnD_xZzW9,Mrs. Meyer's Lemon Verbena Surface Scrub by Mrs. Meyer's,0.8
AVpfW8y_LJeJML437ySW,L'or233al Paris Elvive Extraordinary Clay Rebalancing Conditioner - 12.6 Fl Oz by L'oreal Paris,0.98
