id,name_with_brand
AV13O1A8GV-KLJ3akUyj,Pink Friday: Roman Reloaded Re-Up (w/dvd) by Universal Music
AV14LG0R-jtxr-f38QfS,Lundberg Organic Cinnamon Toast Rice Cakes by Lundberg
AV16khLE-jtxr-f38VFn,K-Y Love Sensuality Pleasure Gel by K-Y
AV1d76w7vKc47QAVhCqn,"J.R. Watkins Hand Cream, Lemon Cream by J.R. Watkins"
AV1h6gSl-jtxr-f31p40,Ambi Complexion Cleansing Bar by AMBI
AV1h6Gu0glJLPUi8IjA_,"Johnson's Baby Bubble Bath and Wash, 15oz by Johnson's"
AV1l8zRZvKc47QAVhnAv,Olay Regenerist Deep Hydration Regenerating Cream by Olay
AV1YGDqsGV-KLJ3adc-O,Windex Original Glass Cleaner Refill 67.6oz (2 Liter) by Windex
AV1YIch7GV-KLJ3addeG,"Heinz Tomato Ketchup, 38oz by Heinz"
AV1YlENIglJLPUi8IHsX,Kind Dark Chocolate Chunk Gluten Free Granola Bars - 5 Count by KIND
AV1YmBrdGV-KLJ3adewb,"Pantene Color Preserve Volume Shampoo, 25.4oz by Pantene"
AV1YmDL9vKc47QAVgr7_,"Aussie Aussome Volume Shampoo, 13.5 Oz by Aussie"
AV1Ymf_rglJLPUi8II2v,Cars Toon: Mater's Tall Tales by Disney
AV1Yn94nvKc47QAVgtst,CeraVe SA Renewing Cream by CeraVe
AV1Ynb3bglJLPUi8IJxJ,Solo Foods Almond Paste by Solo Foods
AV1YneDPglJLPUi8IJyQ,"Finish Quantum Dishwasher Detergent, Lemon Sparkle Scent, 45 Count by Finish"
AV1YnUMYglJLPUi8IJpK,Disney174 Jake And The Neverland Pirates 4 Piece Bedding Set - Toddler by Jake And The Neverland Pirates
AV1Yo6FPglJLPUi8IK3u,Pearhead Id Bracelet Frame by Pearhead
AV1YpiJvvKc47QAVguxy,Craft Punch Giga Scallop Circle 45 24687534 To 334 by No Brand
AV1YqAaMGV-KLJ3adiDj,"Neutrogena Wet Skin Sunscreen Spray Broad Spectrum SPF 50, 5oz by Neutrogena"
AV1Ys0kTvKc47QAVgx1C,Meguiar's Deep Crystal Car Wash 64-Oz. by Meguiars
AV1YtGjdglJLPUi8IOfJ,"Banana Boat Sunless Summer Color Self Tanning Lotion, Light To Medium by Banana Boat"
AV1ZSp2uglJLPUi8IQFy,"Cetaphil Gentle Skin Cleanser, 2oz by Cetaphil"
AV1ZT7GLglJLPUi8IQLI,"Suave Professionals Hair Conditioner, Sleek by Suave"
AV1ZVIgy-jtxr-f31W9N,Bumble Bee Solid White Albacore In Water - 5 Oz by Bumble Bee
AV2AvGnjGV-KLJ3alTQH,Citrus Magic Instant Spot & Stain Remover by Citrus Magic
AV2Avn5dGV-KLJ3alTjq,La Tortilla Factory Hand Made Style Tortillas Flour by La Tortilla Factory
AV2BOOWS-jtxr-f39GPS,Black Sister's Revenge (dvd) by Target.com Use Only
AVpe_5U_ilAPnD_xSrxG,Sea Gull Lighting Six Light Bath Sconce/vanity - Brushed Nickel by Sea Gull Lighting
AVpe_dxlilAPnD_xSiHI,"The Seaweed Bath Co. Argan Conditioner, Smoothing Citrus by The Seaweed Bath Co."
AVpe_N91LJeJML43z4jD,"Way Basics 3-Shelf Eco Narrow Bookcase Storage Shelf, Espresso - Formaldehyde Free - Lifetime Guarantee by Way Basics"
AVpe_pDG1cnluZ0-bjSf,Bi-O-kleen Spray & Wipe All Purpose Cleaner by Biokleen
AVpe_y-I1cnluZ0-bmvh,Yes To Carrots Nourishing Body Wash by Yes to Carrots
AVpe3_ikilAPnD_xPykq,Alberto VO5 Salon Series Smooth Plus Sleek Shampoo by Alberto VO5
AVpe31o71cnluZ0-YrSD,Dark Shadows (includes Digital Copy) (ultraviolet) (dvdvideo) by Warner Bros.
AVpe38Uy1cnluZ0-YuJR,Clambake (dvd) by Target.com Use Only
AVpe41TqilAPnD_xQH3d,Mike Dave Need Wedding Dates (dvd + Digital) by FOX
AVpe4Bq81cnluZ0-YwTN,Sea Gull Lighting Ceiling Fan - White by Sea Gull Lighting
AVpe4-GPLJeJML43xmuY,Progresso Traditional Meatball & Rice Soup by Progresso
AVpe4hE0ilAPnD_xQABx,Herr's Baked Cheese Curls by Herr's
AVpe4hlXLJeJML43xbrB,Hawaiian Punch Berry Limeade Blast Juice by Hawaiian Punch
AVpe4pnBilAPnD_xQDeb,Moom Express Pre Waxed Strips For Face & Bikini by Moom
AVpe59io1cnluZ0-ZgDU,My Big Fat Greek Wedding 2 (blu-Ray + Dvd + Digital) by Universal Home Video
AVpe5AMsLJeJML43xnku,King Ralph (dvd) by Target.com Use Only
AVpe5c23LJeJML43xybi,Holmes174 Personal Indoor Heater W/ Manual Controls White 1500w Hfh131-N by Holmes
AVpe5JOgilAPnD_xQPfE,The Script - No Sound Without Silence (cd) by Sony Music
AVpe5Mv4ilAPnD_xQQyy,"Beanitos Bean Chips, Simply Pinto Bean by Beanitos"
AVpe5s3RLJeJML43x4eA,Pantene Pro-V Expert Collection Age Defy Conditioner by Pantene
AVpe5tC61cnluZ0-ZZ86,Greyson Vintage Industrial Occasional Cocktail Coffee Table - Antique Bronze - Baxton Studio by Baxton Studio
AVpe5ttZLJeJML43x4yO,Nature's Path Flax Plus Maple Pecan Crunch Cereal by Nature's Path
AVpe5WElLJeJML43xv4b,Lite Source Basic Ii 1-Lt Floor Lamp - Dark Bronze by Lite Source
AVpe6_VI1cnluZ0-Z4do,"Sloan Royal Urinal Flush Valve, 1.0 Gpf, Royal 186-1 by SLOAN VALVE COMPANY"
AVpe625_ilAPnD_xQ4SP,Sunflower Swag With Metal Frame - Nearly Natural by Nearly Natural
AVpe6C3WLJeJML43yApY,Toy Story Kids' Woody Accessory Kit by Toy Story
AVpe6CHv1cnluZ0-ZhwN,Maranatha No Stir Raw Maple Almond Butter by MaraNatha
AVpe6FfKilAPnD_xQmHi,Chex Muddy Buddies Brownie Supreme Snack Mix by Chex
AVpe6FpaLJeJML43yBuP,Sopranos:Season 6 Part 1 (blu-Ray) by Warner Bros.
AVpe6n2_LJeJML43yOgE,Tresemme Kertatin Smooth Infusing Conditioning by TRESemme
AVpe6PCDLJeJML43yFQH,Wagan Smartac 80watt Inverter With Usb by Wagan
AVpe71Vk1cnluZ0-aL_Z,"Creme Of Nature Intensive Conditioning Treatment, 32 by Creme Of Nature"
AVpe78stLJeJML43ytOY,Arrid Extra Dry Anti-Perspirant Deodorant Spray Regular by Arrid
AVpe7GIELJeJML43yZfu,Eagle Fat Free Sweetened Condensed Milk by Eagle Brand
AVpe7jB8LJeJML43yj91,"Pinaud Clubman Styling Gel, Superhold by Pinaud"
AVpe7JTHilAPnD_xQ_Cl,Wedding Wishes Wedding Guest Book by Hortense B. Hewitt
AVpe7sl91cnluZ0-aI1Y,Diet Canada Dry Ginger Ale - 12pk/12 Fl Oz Cans by Canada Dry
AVpe7tA31cnluZ0-aI-r,Baxter Of California Cream Pomade by Baxter of California
AVpe7zdzLJeJML43yp3d,Ragu Roasted Garlic Parmesan Pasta Sauce by Ragu
AVpe8dHWLJeJML43y4uG,Sabre 2 Pack Door And Window Alarm by Sabra
AVpe8gsILJeJML43y6Ed,"Pendaflex174 Divide It Up File Folder, Multi Section, Letter, Assorted, 12/pack by Pendaflex"
AVpe8q4T1cnluZ0-afct,"Newman's Own Organics Licorice Twist, Black 5oz by Newman's Own Organics"
AVpe8xjUilAPnD_xRkxC,The Honest Company Laundry Detergent by The Honest Company
AVpe9vHs1cnluZ0-a4TU,Plano Mini-Magnum 13-Compartment Tackle Box by Plano
AVpe9W4D1cnluZ0-avf0,Hoover174 Platinum Collection153 Lightweight Bagged Upright Vacuum With Canister - Uh30010com by Hoover
AVpe-ltS1cnluZ0-bL8w,Stander Pt Bedcane - Bed Handle by Stander
AVpe-M4-ilAPnD_xSF1K,Calvin Klein Secret Obsession Eau De Parfum by Calvin Klein
AVpe-MCY1cnluZ0-bCv_,"Wallmount Server Cabinet (450mm, 9 RU) by iStarUSA"
AVpe-PJnLJeJML43ziaj,Happy Tot Apple and Butternut Squash by Happy Family
AVpe-YAL1cnluZ0-bHGh,Udi's Pepperoni Pizza by Udi's
AVpf_rYe1cnluZ0-ut8Y,"Better Built 74010862 Bet74010862 60In Crossover Two Lid, Deep, Truck Tool Box by BETTER BUILT"
AVpf0eb2LJeJML43EVSt,The Resident Evil Collection 5 Discs (blu-Ray) by Sony Pictures
AVpf0kZFilAPnD_xi5QZ,Annie's Homegrown Gluten Free Double Chocolate Chip Granola Bars by Annie's
AVpf0O60ilAPnD_xizE6,"Super Poligrip Denture Adhesive Cream, Ultra Fresh - 2.4 Oz by Super PoliGrip"
AVpf0pfrilAPnD_xi6s_,Nearly Natural 5.5' Bamboo W/decorative Planter by Nearly Natural
AVpf0thK1cnluZ0-r8vR,100:Complete First Season (blu-Ray) by Warner Bros.
AVpf0YhQLJeJML43ETff,"Australian Gold Exotic Blend Lotion, SPF 4 by Australian Gold"
AVpf1pwXLJeJML43EqpT,"Colorganics Lipstick, Cayenne by Colorganics"
AVpf1ryk1cnluZ0-sONd,Germ Guardian174 Elite 3-In-1 Pet Pure True Hepa Air Purifier Ac4300bptca by Guardian
AVpf2tw1ilAPnD_xjflC,Red (special Edition) (dvdvideo) by Summit Entertainment
AVpf385g1cnluZ0-s0_t,"Hormel Chili, No Beans by Hormel"
AVpf3okQLJeJML43FMif,Tai Pei Sweet & Sour Chicken by Tai Pei
AVpf3VOfilAPnD_xjpun,Clorox Disinfecting Wipes Value Pack Scented 150 Ct Total by Clorox
AVpf4oLxLJeJML43FcxC,"Avery174 Ready Index Contemporary Table Of Contents Divider, 1-8, Multi, Letter by Avery"
AVpf4WWN1cnluZ0-s7Wj,Chips Deluxe Soft 'n Chewy Cookies by Chips Deluxe
AVpf5CnILJeJML43FjaU,"WeatherTech 40647 14-15 Outlander Cargo Liners Behind 2nd Row, Black by Weather Tech"
AVpf5FF71cnluZ0-tHAV,Orajel Maximum Strength Toothache Pain Relief Liquid by Orajel
AVpf5olc1cnluZ0-tPrO,Chester's Cheese Flavored Puffcorn Snacks by Chester's
AVpf5ujMilAPnD_xkQVi,D-Con Mice Bait Station - 3ct by D-Con
AVpf5Z1zLJeJML43FpB-,"Lysol Concentrate Deodorizing Cleaner, Original Scent by Lysol"
AVpf5ZcH1cnluZ0-tL9V,Coola Organic Sunscreen Classic Face Cucumber SPF 30 by COOLA
AVpf63aJLJeJML43F__Q,"Burt's Bees Lip Shimmer, Raisin by Burt's Bees"
AVpf7aUAilAPnD_xkqbP,SC Johnson One Step No Buff Wax by SC Johnson
AVpf7fFbilAPnD_xkrmW,"Simple Green All-Purpose Cleaner, 16oz by Simple Green"
AVpf7HOwilAPnD_xkl3L,Wilton Black Dots Standard Baking Cups by Wilton
AVpf7I3i1cnluZ0-tnL6,Mrs. Meyer's174 Lemon Verbena Laundry Scent Booster - 18oz by Mrs. Meyer's
AVpf7LysilAPnD_xkm9G,Cuisinart174 Electric Juicer - Stainless Steel Cje-1000 by Cuisinart
AVpf8AoBilAPnD_xkzJ2,Avery174 11-1/4 X 9-1/4 Index Maker Extra Wide Label Dividers With 5 Tab - Clear (5 Sets Per Pack) by Avery
AVpf9_3MLJeJML43GvdB,"Iman Second To None Stick Foundation, Clay 1 by Iman"
AVpf99c6LJeJML43Gu3K,Romantic Drama: Greatest Classic Films Collection 2 Discs by Warner Bros.
AVpf9pzn1cnluZ0-uNTM,"Lundberg Wehani Rice, 25lb by Lundberg"
AVpf9UGp1cnluZ0-uITX,Post Bound Jumbo Album - Burgundy (11x14) by Pioneer
AVpfa1joLJeJML4385hb,Stonyfield Yobaby Peach & Pear Yogurt 4oz 6 Ct by Stonyfield
AVpfA5BeLJeJML430eOi,Charcoal Stone Toothbrush Holder Gray by No Brand
AVpfAgSp1cnluZ0-b2-K,"Bounce Dryer Sheets, Fresh Linen, 160 sheets by Bounce"
AVpfAkX91cnluZ0-b4d8,"L'oreal Paris Visible Lift Smooth Absolute, Natural Buff by L'Oreal Paris"
AVpfazX31cnluZ0-kbdl,"Just For Men Touch Of Gray Gray Hair Treatment, Black T-55 by Just For Men"
AVpfBeN6LJeJML430rrn,Roommates No Place Like Home Peel Stick Wall Decals by Roommates
AVpfbjraLJeJML439F91,Pocket Watch Wall Clock Distressed Black - Yosemite Home Decor174 by Yosemite Home Decor
AVpfbkyr1cnluZ0-kozI,Kraus FVS-1007 Single Hole Vessel Bathroom Faucet from the Ramus Collection by Kraus
AVpfBO2vLJeJML430mGh,Mill Creek Aloe Vera & Paba Lotion by Mill Creek
AVpfBpnEilAPnD_xTUBx,"All,bran Complete Wheat Flakes, 18 Oz. by All-Bran"
AVpfbpzd1cnluZ0-kqJV,Clorox Ultimate Care Premium Bleach by Clorox
AVpfbraG1cnluZ0-kqnn,Kind Nut Delight Bar by KIND
AVpfBrUZilAPnD_xTUly,"Coty Airspun Face Powder, Translucent Extra Coverage by Coty"
AVpf-bS61cnluZ0-uZcq,Nature's Path Chunky Chocolate Peanut Chewy Granola Bars by Nature's Path
AVpfBSJgilAPnD_xTLf3,Axe Dry Anti-Perspirant Deodorant Invisible Solid Phoenix by Axe
AVpfBU2S1cnluZ0-cJsO,Power Crunch Protein Energy Bar Peanut Butter Creme Original by Power Crunch
AVpfBuqY1cnluZ0-cTBI,"42 Dual Drop Leaf Table with 2 Madrid Chairs"" by INC International Concepts"
AVpfBwE4ilAPnD_xTWO1,"Smead174 Recycled Letter Size Manila File Backs W/prong Fasteners, 2 Capacity, 100/box by Smead"
AVpfC3KoLJeJML431KRR,Nearly Natural Pothos Ledge Plant (set On Foam) Silk Plant by Nearly Natural
AVpfCi3kilAPnD_xTn3k,Little Bedding By Nojo Jungle Dreams 2 Pack Sheet Set by Nojo
AVpfCjEEilAPnD_xTn75,Sizzix Framelits Dies 1by Tim Holtz Bird Crazy-Silver Asst Sizes by Sizzix
AVpfcu821cnluZ0-k8ep,Vaseline Intensive Care Lip Therapy Cocoa Butter by Vaseline
AVpfCuzrilAPnD_xTroT,Tostitos Simply Blue Corn Tortilla Chips by Tostitos
AVpfCvKt1cnluZ0-cpI2,Starbucks153 Doubleshot Protein Coffee - 11 Fl Oz by Starbucks
AVpfCy9b1cnluZ0-cqWS,Bill Glor Gaither - Church In The Wildwood (cd) by UMGD
AVpfD_NRilAPnD_xUG56,"RC Cola, 12oz by RC Cola"
AVpfD9xTLJeJML431ig2,There's Something About Mary (dvd) by FOX
AVpfDA6wilAPnD_xTxdg,Head & Shoulders Dandruff Shampoo Ocean Lift 2 In 1 by Head & Shoulders
AVpfDbSP1cnluZ0-c3wo,Scotty Mini Double Ended Extender by Scotty
AVpfddjcLJeJML439loo,Elvis Presley - Girl Happy (cd) by Target.com Use Only
AVpfDflP1cnluZ0-c5RJ,Kenroy Home Table Lamp - Chrome by Kenroy Home
AVpfDI3xilAPnD_xTz-k,Black Front Loading Frame Set (8.5x11) Set Of 12 by Nielsen
AVpfDiTDLJeJML431Y21,"Dermalogica Special Cleansing Gel, 8.4oz by Dermalogica"
AVpfdYUZilAPnD_xcHuK,"L'oreal Paris Colour Caresse Wet Shine Stain, Pink Resistance by L'Oreal Paris"
AVpfe3On1cnluZ0-lgn5,Doc Mcstuffins: Friendship Is The Best Medicine by Disney
AVpfE5UF1cnluZ0-dY1N,"Smead174 3-In-1 Supertab Section Folders, 1/3 Cut Top Tab, Letter, Assorted, 12/pack by Smead"
AVpfE7puilAPnD_xUcCW,Bilbao Nightstand Gray Oak - South Shore by South Shore
AVpfELcXLJeJML431naf,Africa's Best No-Lye Dual Conditioning Relaxer System Super by Africa's Best
AVpfEqFbilAPnD_xUV28,Tramontina Ceramica 10 Piece Cookware Set - Red by Tramontina
AVpfEqruilAPnD_xUWDr,"Newman's Own Balsamic Vinaigrette, 16.0oz by Newman's Own"
AVpfErGsLJeJML431yRX,"Carson-Dellosa Publishing Photographic Learning Cards Boxed Set, Nouns/verbs/adjectives, Grades K-12 by Carson-Dellosa Publishing"
AVpfewoLilAPnD_xcfgU,Home Health Hairever Shampoo by Home Health
AVpfF7k8ilAPnD_xUyWf,Lite Source Reiko 1 Light Table Lamp - Orange by Lite Source
AVpfFGqP1cnluZ0-ddjG,Sea Gull Lighting One Light Wall/bath/vanity-Brushed Nickel by Sea Gull Lighting
AVpfFs_1ilAPnD_xUtRm,J.a. Henckels International 4-Pc Everedge Plus Steak Knife Set by J.a. Henckels
AVpfFTpK1cnluZ0-diMS,Olay Moisturizing Lotion For Sensitive Skin by Olay
AVpfFymYilAPnD_xUvMh,"Kikkoman Soy Sauce, 5fl oz by Kikkoman"
AVpfG_ujilAPnD_xVI8L,Kohler 10280-4 Fort Bath Spout With Sculpted Lift Rod and 1/2-in NPT Connection by Kohler
AVpfGRUHilAPnD_xU5nU,Naturtint Nutrideep Multiplier Protective Cream by Naturtint
AVpf-GsfLJeJML43GxG4,Gain Original Scent Liquid Fabric Softener 129 Oz by Gain
AVpfGTRQLJeJML432WYA,"Burt's Bees Lip Shimmer, Watermelon by Burt's Bees"
AVpfGuDrLJeJML432fDz,Pleasant Hearth Diamond Fireplace Screen - Espresso by Pleasant Hearth
AVpfgvkJLJeJML43-g1y,Scooby Doo And The Loch Ness Monster (blu-Ray) by Warner Manufacturing
AVpfh1gsilAPnD_xdX_S,Cal Lighting Led Dark Bronze Finish Metal Piano Lamp by Cal Lighting
AVpfH2Rx1cnluZ0-eYtu,Lynk Professional174 Pull Out Cutting Board Bakeware Sliding Cabinet Organizer by Lynk
AVpfHf4wLJeJML432vqK,Trend Lab Park Nursing Cover - Paisley by Trend Lab
AVpfHI2filAPnD_xVL7R,L'oreal Paris Advanced Hairstyle Boost It High Lift Creation Spray by L'Oreal Paris
AVpfhpNkilAPnD_xdUZz,Plum Organics Just Prunes by Plum Organics
AVpfhxaELJeJML43-zsM,"Batherapy Natural Mineral Bath Sport Liquid, 16 oz by Batherapy"
AVpfHZMxLJeJML432tfs,"Candy Pink Plastic Cups, 20 pk by Touch of Color"
AVpfi79RLJeJML43_Jo0,Various - Country's Greatest Gospel:Gold Ed (cd) by Target.com Use Only
AVpfifml1cnluZ0-mjSb,JNH Lifestyles Goldstar 3 Person FAR Infrared Sauna by JNH Lifestyles
AVpfIfnYilAPnD_xVpGi,Soothing Touch Lemon Cardamom Vegan Lip Balm .25 Oz by Soothing Touch
AVpfIGFeLJeJML4328YR,"2x Ultra Era with Oxi Booster, 50fl oz by Era"
AVpfIN84LJeJML432_D9,Every Man Jack Pomade Signature Mint Scent by Every Man Jack
AVpfIOoV1cnluZ0-ehGp,Reebok Classic Leather Running Shoes - White (Men) by Reebok
AVpfiRY_LJeJML43-8p9,Annie's Homegrown Deluxe Elbows & Four Cheese Sauce by Annie's
AVpfiUrfLJeJML43-9nY,Delta Single Handle Shower Faucet by Delta Faucet
AVpfIvbgLJeJML433Kph,"Ogx Conditioner, Hydrating Teatree Mint by Ogx"
AVpfjauJLJeJML43_TKe,"Physicians Formula Mineral Wear Talc-Free Mineral Correcting Powder, Creamy Natural by Physician's Formula"
AVpfJcHuLJeJML433ZrY,Equals (blu-Ray) by Lionsgate Home Entertainment
AVpfJCq51cnluZ0-ey-L,Weleda Everon Lip Balm by Weleda
AVpfjHuw1cnluZ0-mvrX,Fiskars174 Classic Stick Rotary Cutter (45 Mm) by Fiskars
AVpfJP1C1cnluZ0-e3Xy,Clorox Disinfecting Bathroom Cleaner by Clorox
AVpfk4y7ilAPnD_xeTgd,"BRIDGESTONE 130/70ZR18M/C(63W)FRONT EXEDRA G851, CRUISER RADL by Michelin"
AVpf-k78LJeJML43G4qN,Metzeler ME888 Marathon Ultra Custom Touring Front Tire 100/90-19 by Metzeler
AVpfKa3uilAPnD_xWSGx,Fantasy Fields Lil' Sports Fan Step Stool - Teamson by Teamson
AVpfkak01cnluZ0-nJj6,Starbucks Iced Expresso Classics Vanilla Latte Coffee Beverage - 40oz by Starbucks
AVpfKb8k1cnluZ0-fQdA,Head & Shoulders Classic Clean Conditioner by Head & Shoulders
AVpfKhuv1cnluZ0-fSVr,Blue Anchor Design Throw Pillow (18x18) - Rizzy Home by Rizzy Home
AVpfkIiYilAPnD_xeEjr,Kendall Comforter And Sheet Set (twin) Aqua - 7pc by JLA Home
AVpfKOYiilAPnD_xWOFw,"Tree Hut Shea Body Butters, Coconut Lime, 7 oz by Tree Hut"
AVpfkQkcLJeJML43_kEC,Cococare 100% Natural Castor Oil by Cococare
AVpfksililAPnD_xePx_,Pacific Natural Foods Organic Beef Broth by Pacific Natural Foods
AVpfl6baLJeJML43AEQq,Honeywell Heatbud Ceramic Heater Black by Honeywell
AVpfl6sF1cnluZ0-nmwC,"Jergens Extra Moisturizing Liquid Hand Wash, 7.5oz by Jergens"
AVpfldDlLJeJML43_7s_,Lay's Salt & Vinegar Flavored Potato Chips by Lay's
AVpflENxilAPnD_xeXFF,Noosa Honey Yogurt by Noosa
AVpfliCoilAPnD_xegIr,0.6 Cu. Ft. Letter A4 Size Waterproof 30 Min. Fire File Chest by Honeywell
AVpf-lMV1cnluZ0-ub0_,If A Man Answers (dvd) by Target.com Use Only
AVpfLnfPLJeJML434HpK,"Pleasant Hearth 1,800 sq ft Wood Burning Stove with Blower, Medium, LWS-127201 by Pleasant Hearth"
AVpfluP1ilAPnD_xejxO,Stacy's Simply Naked Bagel Chips by STACY'S
AVpfL-z9ilAPnD_xWzE_,Stacy's Garden Veggie Medley Pita Chips by STACY'S
AVpfM_ytilAPnD_xXIJb,Tostitos Bite Size Tortilla Chips by Tostitos
AVpfm8yiLJeJML43AYyu,Nexxus Exxtra Gel Style Creation Sculptor by Nexxus
AVpfmjXGLJeJML43AQ5_,Hollywood Beauty Olive Cholesterol by Hollywood Beauty
AVpfml2VilAPnD_xe0m6,Southern Enterprises Archer Fold-Away Home Bar in Walnut by Southern Enterprises
AVpfMpZ51cnluZ0-f_L9,Chips Ahoy! Original Chocolate Chip - Cookies - Family Size 18.2oz by Chips Ahoy
AVpfmVnVLJeJML43AMqC,4C Grated Parmesan Cheese 100% Natural 8oz Shaker by 4C Foods
AVpfN6Z71cnluZ0-gZmO,"Caress Moisturizing Body Bar Natural Silk, 4.75oz by Caress"
AVpfNc9cLJeJML434tza,Feit 60-Watt A19 Gu24 Base Led Light Bulb - Soft White by Feit
AVpfNfEMLJeJML434uf-,Heiress (dvd) by UNIVERSAL HOME ENTERTAINMENT
AVpfNglu1cnluZ0-gQ7x,Mia Shower Curtain Green/brown - Lush Decor174 by Lush Decor
AVpfnjBILJeJML43AkO3,Progresso Traditional Chicken Tuscany Soup by Progresso
AVpfnRuSilAPnD_xfB8l,Yes To Grapefruit Rejuvenating Body Wash by Yes to Grapefruit
AVpfnS4eLJeJML43AfZe,Progresso Light Vegetable & Noodle Soup by Progresso
AVpfnUcwLJeJML43Af2U,Maybelline Clean Express! Makeup Removing Lotion by Maybelline
AVpfNVsj1cnluZ0-gNQN,"Physicians Formula Powder Palette Mineral Glow Pearls, Translucent Pearl by Physician's Formula"
AVpfNWbPilAPnD_xXPR7,"Pleasant Hearth 7.5 Steel Grate, 30 5 Bar - Black by Pleasant Hearth"
AVpfO5u71cnluZ0-guiN,Switchmas (dvd) by Sony
AVpf--o9LJeJML43G_Fq,Vaseline Intensive Care Healthy Hands Stronger Nails by Vaseline
AVpfOfIqLJeJML435D06,Solo Foods Poppy Seed Cake and Pastry Filling by Solo Foods
AVpfOIrkilAPnD_xXgDG,Alex Cross (dvdvideo) by Summit Entertainment
AVpfOmKwLJeJML435GM7,Clear Scalp & Hair Therapy Total Care Nourishing Shampoo by Clear Scalp & Hair Therapy
AVpfOrD0ilAPnD_xXrRj,Progresso Traditional Chicken Rice With Vegetables Soup by Progresso
AVpfoSS51cnluZ0-oVH9,Cheetos Crunchy Flamin' Hot Cheese Flavored Snacks by Cheetos
AVpfov9TLJeJML43A7B0,Bisquick Original Pancake And Baking Mix - 40oz by Bisquick
AVpfozgyilAPnD_xfe0r,Olivella Bar Soap - 3.52 Oz by Olivella
AVpfPaoqLJeJML435Xk9,Godzilla 3d Includes Digital Copy Ultraviolet 3d/2d Blu-Ray/dvd by Warner Home Video
AVpfPjqKLJeJML435aZR,Voortman Sugar Free Fudge Chocolate Chip Cookies by Voortman
AVpfPkrkilAPnD_xX-L9,"Finish Gelpacs Dishwasher Detergent, Orange Scent, 84ct by Finish"
AVpfPKzxLJeJML435SYL,Tim Holtz Retractable Craft Pick-Red 6x.5 by Tim Holtz
AVpfpM2yilAPnD_xfmDG,Ragu Traditional Pasta Sauce by Ragu
AVpfPnrU1cnluZ0-g9rL,Stargate (ws) (ultimate Edition) (director's Cut) (dvdvideo) by Lionsgate
AVpfpoUCLJeJML43BLXv,"Iman Luxury Moisturizing Lipstick, Black Brandy 006 by Iman"
AVpfPPkEilAPnD_xX3cP,"Aveeno Baby Continuous Protection Lotion Sunscreen with Broad Spectrum SPF 55, 4oz by Aveeno"
AVpfP-rELJeJML435jEN,5302050 15/16 FCT/HOSE ADAPTOR by LDR
AVpfPx6V1cnluZ0-hA5y,"Ben & Jerry's Coffee, Coffee Buzzbuzzbuzz! Ice Cream, Pint by Ben & Jerry's"
AVpfQtEm1cnluZ0-hUpe,Jolly Time Select Premium Yellow Pop Corn by Jolly Time
AVpfqW4WilAPnD_xf7a_,Leslie Sansone:Belly Blasting Walk (dvd) by ANCHOR BAY
AVpfr5cb1cnluZ0-pZFp,Boraam Sonoma Kitchen Cart With Wire Brush Gray - Maaya Home by Maaya Home
AVpfR5m0LJeJML436K3W,Jason Aldean - They Don't Know by Warner Music Group
AVpfRE4tilAPnD_xYdo_,Ogx Anti-breakage Keratin Oil 3 Minute Miraculous Recovery by Ogx
AVpfrFDZLJeJML43Bmv0,Meguiar's Ultimate Quik Detailer 22-Oz. by Meguiars
AVpfrfHF1cnluZ0-pRai,Care Free Curl Gold Instant Activator by Care Free Curl
AVpfrgjFLJeJML43BvCc,Spam Single Classic by Spam
AVpfRkzN1cnluZ0-hmnu,"Smead174 2 1/4 Inch Accordion Expansion Wallet, Poly, Letter, Translucent Green by Smead"
AVpfRM8dLJeJML4358wT,Cantu Coconut Milk Shine Hold Mist - 8oz by Cantu
AVpfRoqcLJeJML436FqG,"Vicks Vaporub, Regular, 3.53oz by Vicks"
AVpfRTh1ilAPnD_xYic2,Planes: Fire Rescue (2 Discs) (includes Digital Copy) (blu-Ray/dvd) by Disney
AVpfrTyiLJeJML43BrSI,Various Artists - Choo Choo Soul (cd) by UMGD
AVpfRxSkilAPnD_xYrzm,High-Dome Floor Door Stop by National Mfg.
AVpfRYbSilAPnD_xYkD4,"Shea Moisture Mango & Carrot Kids Extra-Nourishing Conditioner, 8fl Oz by Shea Moisture"
AVpfs0tUilAPnD_xgqN2,Ceiling Fan With Light White 14.2 X 29.9 X 9.2 - Hunter Fan by Hunter Fan
AVpfSFDo1cnluZ0-hwjT,Concept Housewares 36 Natural Wood ceiling mounted pot rack by Concept Housewares
AVpfshNsLJeJML43CB8q,Tostitos Original Restaurant Style Tortilla Chips by Tostitos
AVpfsQoeilAPnD_xgfx5,Walkers Stem Ginger Shortbread by Walkers
AVpfSvmGilAPnD_xY_gE,Barielle Nail Rebuilding Protein by Barielle
AVpfthSailAPnD_xg3ON,"Musselman Apple Sauce, Cinnamon, 48oz by Musselman's"
AVpftikC1cnluZ0-p31V,"Storkcraft Tuscany Glider and Ottoman, Beige Cushions, Espresso Finish by Storkcraft"
AVpfTVkcilAPnD_xZLts,Queen Helene Cocoa Butter Solid by Queen Helene
AVpftymALJeJML43CZ6y,"Bodycology Nourishing Body Cream, Pretty In Paris by Bodycology"
AVpfUCiPilAPnD_xZai4,Sea Gull Lighting Holman One Light Wall/bath Sconce - Brushed Nickel by Sea Gull Lighting
AVpfUJu_ilAPnD_xZdDr,Chobani174 Strawberry On The Bottom Non-Fat Greek Yogurt - 5.3oz by Chobani
AVpfUN2nilAPnD_xZeY3,Meguiars Interior Detailer Wipes 25ct by Meguiars
AVpfUQZjilAPnD_xZfOU,Bedtime Originals Pinkie Musical Mobile by Bedtime Originals
AVpfv4TlilAPnD_xhjNS,Various - Red Hot Blue:Tribute To Cole Porter (cd) by Target.com Use Only
AVpfvieo1cnluZ0-qdnu,L'oreal Paris Advanced Hairstyle TXT IT Hyper-Fix Putty by L'Oreal Paris
AVpfVMhR1cnluZ0-ixY8,2017-2018 Brownline174 Duraflex 14-Month Planner 8 1/2 X 11 Black by Brownline
AVpfVPh3ilAPnD_xZzW9,Mrs. Meyer's Lemon Verbena Surface Scrub by Mrs. Meyer's
AVpfW8y_LJeJML437ySW,L'or233al Paris Elvive Extraordinary Clay Rebalancing Conditioner - 12.6 Fl Oz by L'oreal Paris
